{"train_loss": [0.35942627563152785, 0.2323019541800022, 0.17569613663686645, 0.15644131361702343, 0.17409682600402537, 0.14322102348101728, 0.12735942751169205, 0.10919772466805613, 0.09767015246145519, 0.07172881018508363, 0.06883944944697029, 0.058898599088237975, 0.05426276548202207, 0.0691957641436063, 0.04891219408176609, 0.044534885874995385, 0.04593151991175097, 0.03398349720921459, 0.04440526654196466, 0.03403253950190121], "val_loss": [0.33576131529278225, 0.3087226011686855, 0.188985095359385, 0.22470180028014713, 0.21390891116526392, 0.16772586283170515, 0.2119516854484876, 0.17352457158267498, 0.17982735319270027, 0.14253564758433235, 0.1733347379292051, 0.15457679331302643, 0.14399403468188313, 0.13983669597655535, 0.13692482002079487, 0.1595185643268956, 0.1339739500027564, 0.13018662399715847, 0.14291851450171736, 0.17409638988061082], "train_acc": [0.8424951267056531, 0.9044834307992202, 0.9282651072124757, 0.9458089668615984, 0.9407407407407408, 0.9500974658869396, 0.9563352826510721, 0.9590643274853801, 0.9617933723196881, 0.9723196881091618, 0.9758284600389864, 0.9773879142300195, 0.9758284600389864, 0.9754385964912281, 0.9855750487329434, 0.9851851851851852, 0.9840155945419103, 0.9875243664717349, 0.9851851851851852, 0.9886939571150097], "val_acc": [0.8596491228070176, 0.8982456140350877, 0.9192982456140351, 0.9122807017543859, 0.9192982456140351, 0.9438596491228071, 0.9263157894736842, 0.9368421052631579, 0.9473684210526315, 0.9508771929824561, 0.9508771929824561, 0.9473684210526315, 0.9508771929824561, 0.9614035087719298, 0.9649122807017544, 0.9473684210526315, 0.9614035087719298, 0.9614035087719298, 0.9614035087719298, 0.9403508771929825]}